,Rank,Channel Info,Influence Score,Followers,Avg. Likes,Posts,60-Day Eng Rate,New Post Avg. Likes,Total Likes,Country Or Region,Followers_1,Avg. Likes_1,Posts_1,New Post Avg. Likes_1,Total Likes_1
0,1,cristiano,92,485.2m,8.7m,3.4k,0.013,6.3m,29.1b,Spain,485200000.0,8700000.0,3400.0,6300000.0,29100000000.0
1,2,kyliejenner,91,370.7m,8.2m,7.0k,0.014,5.0m,57.4b,United States,370700000.0,8200000.0,7000.0,5000000.0,57400000000.0
2,3,leomessi,90,363.9m,6.7m,915,0.01,3.5m,6.1b,,363900000.0,6700000.0,7000.0,3500000.0,6100000000.0
3,4,selenagomez,93,348.8m,6.1m,1.9k,0.005,1.7m,11.4b,United States,348800000.0,6100000.0,1900.0,1700000.0,11400000000.0
4,5,therock,91,339.4m,1.8m,6.8k,0.003,932.0k,12.6b,United States,339400000.0,1800000.0,6800.0,932000.0,12600000000.0
5,6,arianagrande,92,333.0m,3.7m,5.0k,0.009,3.1m,18.5b,United States,333000000.0,3700000.0,5000.0,3100000.0,18500000000.0
6,7,kimkardashian,91,330.7m,3.5m,5.7k,0.005,1.7m,19.8b,United States,330700000.0,3500000.0,5700.0,1700000.0,19800000000.0
7,8,beyonce,92,276.1m,3.6m,2.0k,0.008,2.2m,7.3b,United States,276100000.0,3600000.0,2000.0,2200000.0,7300000000.0
8,9,khloekardashian,89,273.9m,2.4m,4.1k,0.002,404.7k,9.8b,United States,273900000.0,2400000.0,4100.0,404700.0,9800000000.0
9,10,justinbieber,91,260.0m,1.9m,7.4k,0.007,1.7m,14.0b,Canada,260000000.0,1900000.0,7400.0,1700000.0,14000000000.0
10,11,kendalljenner,90,258.9m,5.5m,671,0.012,3.0m,3.7b,United States,258900000.0,5500000.0,7400.0,3000000.0,3700000000.0
11,12,natgeo,91,241.1m,298.9k,10.0k,0.001,168.7k,3.0b,United States,241100000.0,298900.0,10000.0,168700.0,3000000000.0
12,13,nike,90,239.2m,316.0k,973,0.001,193.6k,307.5m,United States,239200000.0,316000.0,10000.0,193600.0,307500000.0
13,14,taylorswift,91,226.1m,2.4m,542,0.015,3.3m,1.3b,United States,226100000.0,2400000.0,10000.0,3300000.0,1300000000.0
14,15,jlo,89,223.1m,1.7m,3.2k,0.005,1.2m,5.3b,United States,223100000.0,1700000.0,3200.0,1200000.0,5300000000.0
15,16,virat.kohli,87,215.9m,3.5m,1.4k,0.013,2.7m,5.0b,,215900000.0,3500000.0,1400.0,2700000.0,5000000000.0
16,17,nickiminaj,90,202.7m,2.0m,6.4k,0.004,837.1k,12.9b,United States,202700000.0,2000000.0,6400.0,837100.0,12900000000.0
17,18,kourtneykardash,89,199.4m,1.8m,4.4k,0.007,1.3m,7.8b,United States,199400000.0,1800000.0,4400.0,1300000.0,7800000000.0
18,19,mileycyrus,89,183.6m,1.3m,1.2k,0.004,702.4k,1.6b,,183600000.0,1300000.0,1200.0,702400.0,1600000000.0
19,20,neymarjr,90,179.4m,2.7m,5.3k,0.012,2.2m,14.4b,Brazil,179400000.0,2700000.0,5300.0,2200000.0,14400000000.0
20,21,katyperry,92,173.3m,714.8k,2.1k,0.002,302.9k,1.5b,,173300000.0,714800.0,2100.0,302900.0,1500000000.0
21,22,kevinhartreal,88,154.2m,498.0k,8.3k,0.001,137.6k,4.1b,United States,154200000.0,498000.0,8300.0,137600.0,4100000000.0
22,23,zendaya,87,153.3m,5.9m,3.5k,0.049,7.5m,20.8b,United States,153300000.0,5900000.0,3500.0,7500000.0,20800000000.0
23,24,iamcardib,75,141.3m,3.1m,1.6k,0.015,2.0m,5.0b,United States,141300000.0,3100000.0,1600.0,2000000.0,5000000000.0
24,25,ddlovato,88,140.6m,1.1m,105,0.002,305.1k,113.3m,United States,140600000.0,1100000.0,1600.0,305100.0,113300000.0
25,26,badgalriri,88,136.3m,3.7m,4.8k,0.051,6.9m,18.0b,United States,136300000.0,3700000.0,4800.0,6900000.0,18000000000.0
26,27,kingjames,86,133.7m,2.1m,2.4k,0.008,1.0m,4.9b,,133700000.0,2100000.0,2400.0,1000000.0,4900000000.0
27,28,realmadrid,90,125.8m,989.6k,7.1k,0.005,682.0k,7.1b,Spain,125800000.0,989600.0,7100.0,682000.0,7100000000.0
28,29,theellenshow,87,125.5m,412.7k,10.0k,0.001,59.2k,4.1b,United States,125500000.0,412700.0,10000.0,59200.0,4100000000.0
29,30,champagnepapi,85,121.4m,1.7m,5.2k,0.012,1.4m,9.0b,Netherlands,121400000.0,1700000.0,5200.0,1400000.0,9000000000.0
30,31,chrisbrownofficial,86,121.2m,450.0k,7.4k,0.002,237.9k,3.4b,United States,121200000.0,450000.0,7400.0,237900.0,3400000000.0
31,32,fcbarcelona,90,112.5m,1.1m,10.0k,0.007,807.2k,11.5b,,112500000.0,1100000.0,10000.0,807200.0,11500000000.0
32,33,billieeilish,73,106.4m,8.4m,710,0.047,4.9m,6.0b,,106400000.0,8400000.0,10000.0,4900000.0,6000000000.0
33,34,gal_gadot,85,88.0m,1.4m,1.7k,0.008,735.9k,2.3b,United States,88000000.0,1400000.0,1700.0,735900.0,2300000000.0
34,35,dualipa,74,87.3m,2.1m,1.3k,0.017,1.5m,2.7b,United Kingdom,87300000.0,2100000.0,1300.0,1500000.0,2700000000.0
35,36,vindiesel,88,83.2m,1.4m,1.8k,0.006,505.8k,2.5b,United States,83200000.0,1400000.0,1800.0,505800.0,2500000000.0
36,37,nasa,88,83.1m,1.2m,3.6k,0.014,1.1m,4.3b,United States,83100000.0,1200000.0,3600.0,1100000.0,4300000000.0
37,38,priyankachopra,85,82.7m,1.6m,3.6k,0.008,644.6k,5.6b,United States,82700000.0,1600000.0,3600.0,644600.0,5600000000.0
38,39,lalalalisa_m,70,82.6m,6.0m,893,0.088,7.2m,5.3b,,82600000.0,6000000.0,3600.0,7200000.0,5300000000.0
39,40,snoopdogg,86,76.7m,211.4k,10.0k,0.004,278.0k,2.1b,,76700000.0,211400.0,10000.0,278000.0,2100000000.0
40,41,Shakira,88,76.2m,976.1k,2.0k,0.004,281.8k,1.9b,,76200000.0,976100.0,2000.0,281800.0,1900000000.0
41,42,gigihadid,85,75.9m,2.4m,3.3k,0.015,1.1m,7.9b,United States,75900000.0,2400000.0,3300.0,1100000.0,7900000000.0
42,43,davidbeckham,86,75.4m,1.2m,1.6k,0.007,517.7k,1.9b,United States,75400000.0,1200000.0,1600.0,517700.0,1900000000.0
43,44,shraddhakapoor,81,75.2m,1.6m,1.9k,0.016,1.2m,3.0b,,75200000.0,1600000.0,1900.0,1200000.0,3000000000.0
44,45,victoriassecret,88,73.4m,144.8k,3.0k,0.0,25.9k,432.0m,United States,73400000.0,144800.0,3000.0,25900.0,432000000.0
45,46,k.mbappe,86,72.7m,2.4m,1.2k,0.018,1.3m,2.8b,,72700000.0,2400000.0,1200.0,1300000.0,2800000000.0
46,47,nehakakkar,84,71.4m,1.5m,2.3k,0.008,585.9k,3.4b,India,71400000.0,1500000.0,2300.0,585900.0,3400000000.0
47,48,aliaabhatt,82,71.2m,1.8m,1.9k,0.017,1.2m,3.3b,India,71200000.0,1800000.0,1900.0,1200000.0,3300000000.0
48,49,nba,87,71.1m,368.0k,12.8k,0.003,216.2k,4.7b,United States,71100000.0,368000.0,12800.0,216200.0,4700000000.0
49,50,jennierubyjane,76,70.5m,5.2m,887,0.078,5.4m,4.6b,,70500000.0,5200000.0,12800.0,5400000.0,4600000000.0
50,51,shawnmendes,83,70.5m,3.5m,2.5k,0.025,1.8m,8.8b,Canada,70500000.0,3500000.0,2500.0,1800000.0,8800000000.0
51,52,narendramodi,85,70.2m,3.0m,549,0.037,2.6m,1.6b,India,70200000.0,3000000.0,2500.0,2600000.0,1600000000.0
52,53,deepikapadukone,83,69.3m,1.5m,285,0.009,616.3k,434.6m,India,69300000.0,1500000.0,2500.0,616300.0,434600000.0
53,54,ronaldinho,78,68.1m,868.9k,3.0k,0.007,480.1k,2.6b,Brazil,68100000.0,868900.0,3000.0,480100.0,2600000000.0
54,55,tomholland2013,77,68.1m,5.4m,1.2k,0.117,7.9m,6.6b,,68100000.0,5400000.0,1200.0,7900000.0,6600000000.0
55,56,bts.bighitofficial,78,68.1m,4.1m,1.2k,0.041,2.8m,5.0b,Uruguay,68100000.0,4100000.0,1200.0,2800000.0,5000000000.0
56,57,emmawatson,87,67.9m,1.6m,379,0.007,467.8k,622.7m,United States,67900000.0,1600000.0,1200.0,467800.0,622700000.0
57,58,katrinakaif,85,67.5m,1.7m,1.0k,0.024,1.6m,1.8b,India,67500000.0,1700000.0,1000.0,1600000.0,1800000000.0
58,59,marvel,82,66.6m,330.5k,7.2k,0.004,289.7k,2.4b,Turkey,66600000.0,330500.0,7200.0,289700.0,2400000000.0
59,60,justintimberlake,87,66.5m,602.0k,785,0.013,842.9k,472.6m,United States,66500000.0,602000.0,7200.0,842900.0,472600000.0
60,61,camila_cabello,77,65.4m,1.8m,2.9k,0.014,926.8k,5.4b,United States,65400000.0,1800000.0,2900.0,926800.0,5400000000.0
61,62,sooyaaa__,82,64.7m,4.7m,876,0.076,4.9m,4.1b,,64700000.0,4700000.0,2900.0,4900000.0,4100000000.0
62,63,raffinagita1717,83,64.4m,386.2k,9.8k,0.004,262.8k,3.8b,Indonesia,64400000.0,386200.0,9800.0,262800.0,3800000000.0
63,64,jacquelinef143,85,63.6m,1.1m,2.4k,0.007,413.8k,2.8b,India,63600000.0,1100000.0,2400.0,413800.0,2800000000.0
64,65,roses_are_rosie,82,63.5m,4.7m,854,0.073,4.6m,4.0b,,63500000.0,4700000.0,2400.0,4600000.0,4000000000.0
65,66,akshaykumar,85,63.5m,1.5m,1.9k,0.01,631.4k,2.8b,,63500000.0,1500000.0,1900.0,631400.0,2800000000.0
66,67,willsmith,82,63.4m,1.4m,1.4k,0.016,1.0m,1.9b,United States,63400000.0,1400000.0,1400.0,1000000.0,1900000000.0
67,68,anitta,82,63.3m,857.7k,5.1k,0.01,595.7k,4.4b,United States,63300000.0,857700.0,5100.0,595700.0,4400000000.0
68,69,maluma,84,62.9m,1.2m,8.2k,0.01,604.2k,9.7b,Colombia,62900000.0,1200000.0,8200.0,604200.0,9700000000.0
69,70,psg,86,62.7m,499.4k,10.1k,0.006,347.8k,5.1b,France,62700000.0,499400.0,10100.0,347800.0,5100000000.0
70,71,manchesterunited,85,60.8m,390.0k,9.8k,0.008,467.5k,3.8b,United Kingdom,60800000.0,390000.0,9800.0,467500.0,3800000000.0
71,72,anushkasharma,85,60.4m,1.9m,1.2k,0.027,1.7m,2.3b,,60400000.0,1900000.0,1200.0,1700000.0,2300000000.0
72,73,marcelotwelve,86,59.0m,694.7k,2.7k,0.011,665.5k,1.9b,Brazil,59000000.0,694700.0,2700.0,665500.0,1900000000.0
73,74,whinderssonnunes,79,58.8m,1.6m,2.8k,0.009,505.9k,4.4b,Brazil,58800000.0,1600000.0,2800.0,505900.0,4400000000.0
74,75,milliebobbybrown,80,58.6m,4.1m,290,0.082,4.8m,1.2b,United States,58600000.0,4100000.0,2800.0,4800000.0,1200000000.0
75,76,karimbenzema,42,58.3m,863.1k,2.0k,0.017,989.2k,1.8b,Spain,58300000.0,863100.0,2000.0,989200.0,1800000000.0
76,77,gag,86,58.0m,662.0k,10.0k,0.005,268.4k,6.6b,United States,58000000.0,662000.0,10000.0,268400.0,6600000000.0
77,78,karolg,83,56.8m,3.1m,3.3k,0.09,5.1m,10.3b,India,56800000.0,3100000.0,3300.0,5100000.0,10300000000.0
78,79,chrishemsworth,86,56.0m,2.6m,899,0.023,1.3m,2.3b,Australia,56000000.0,2600000.0,3300.0,1300000.0,2300000000.0
79,80,iamzlatanibrahimovic,86,55.8m,1.5m,881,0.01,552.9k,1.3b,,55800000.0,1500000.0,3300.0,552900.0,1300000000.0
80,81,paulpogba,80,55.5m,1.4m,1.3k,0.01,553.7k,1.8b,France,55500000.0,1400000.0,1300.0,553700.0,1800000000.0
81,82,zacefron,86,55.2m,2.3m,669,0.031,1.7m,1.5b,United States,55200000.0,2300000.0,1300.0,1700000.0,1500000000.0
82,83,juventus,87,55.1m,194.0k,9.9k,0.003,150.4k,1.9b,,55100000.0,194000.0,9900.0,150400.0,1900000000.0
83,84,bellahadid,79,55.1m,1.2m,3.2k,0.02,1.1m,3.7b,United Kingdom,55100000.0,1200000.0,3200.0,1100000.0,3700000000.0
84,85,leonardodicaprio,86,55.1m,396.6k,1.7k,0.005,283.7k,675.9m,,55100000.0,396600.0,1700.0,283700.0,675900000.0
85,86,beingsalmankhan,76,54.5m,1.4m,1.2k,0.02,1.1m,1.7b,India,54500000.0,1400000.0,1200.0,1100000.0,1700000000.0
86,87,tatawerneck,86,54.3m,958.9k,5.6k,0.01,515.3k,5.4b,Brazil,54300000.0,958900.0,5600.0,515300.0,5400000000.0
87,88,sunnyleone,84,54.1m,748.2k,4.7k,0.006,330.8k,3.5b,,54100000.0,748200.0,4700.0,330800.0,3500000000.0
88,89,dishapatani,74,53.7m,1.6m,2.2k,0.015,783.6k,3.4b,United States,53700000.0,1600000.0,2200.0,783600.0,3400000000.0
89,90,sergioramos,87,53.5m,983.7k,2.3k,0.012,652.7k,2.2b,,53500000.0,983700.0,2300.0,652700.0,2200000000.0
90,91,ladygaga,83,53.3m,1.4m,3.6k,0.011,586.8k,5.0b,United States,53300000.0,1400000.0,3600.0,586800.0,5000000000.0
91,92,robertdowneyjr,86,53.3m,2.8m,439,0.014,720.1k,1.2b,United States,53300000.0,2800000.0,3600.0,720100.0,1200000000.0
92,93,mosalah,22,52.9m,1.8m,849,0.013,686.1k,1.5b,,52900000.0,1800000.0,3600.0,686100.0,1500000000.0
93,94,jbalvin,87,52.9m,858.9k,10.0k,0.008,410.8k,8.6b,,52900000.0,858900.0,10000.0,410800.0,8600000000.0
94,95,ayutingting92,85,52.9m,144.9k,10.0k,0.001,47.7k,1.5b,Indonesia,52900000.0,144900.0,10000.0,47700.0,1500000000.0
95,96,433,79,51.9m,872.5k,10.4k,0.016,826.2k,9.0b,Netherlands,51900000.0,872500.0,10400.0,826200.0,9000000000.0
96,97,thv,83,51.7m,15.4m,69,0.25,12.9m,1.1b,,51700000.0,15400000.0,10400.0,12900000.0,1100000000.0
97,98,hudabeauty,82,51.2m,180.9k,2.4k,0.001,40.9k,442.2m,United States,51200000.0,180900.0,2400.0,40900.0,442200000.0
98,99,michelleobama,85,51.1m,685.2k,620,0.004,212.8k,424.8m,,51100000.0,685200.0,2400.0,212800.0,424800000.0
99,100,kritisanon,76,51.0m,891.5k,2.7k,0.011,539.1k,2.4b,India,51000000.0,891500.0,2700.0,539100.0,2400000000.0
100,101,adele,84,50.9m,4.7m,423,0.031,1.6m,2.0b,United States,50900000.0,4700000.0,2700.0,1600000.0,2000000000.0
101,102,krisjenner,80,50.3m,351.2k,6.4k,0.005,267.4k,2.3b,United States,50300000.0,351200.0,6400.0,267400.0,2300000000.0
102,103,jamesrodriguez10,86,50.0m,1.4m,1.1k,0.011,545.6k,1.5b,Colombia,50000000.0,1400000.0,1100.0,545600.0,1500000000.0
103,104,blackpinkofficial,85,49.9m,2.1m,1.6k,0.027,1.4m,3.3b,,49900000.0,2100000.0,1600.0,1400000.0,3300000000.0
104,105,lelepons,81,49.7m,2.4m,2.5k,0.031,1.5m,6.1b,United States,49700000.0,2400000.0,2500.0,1500000.0,6100000000.0
105,106,prillylatuconsina96,84,49.6m,369.6k,6.5k,0.003,159.3k,2.4b,Indonesia,49600000.0,369600.0,6500.0,159300.0,2400000000.0
106,107,charlidamelio,80,49.2m,4.2m,179,0.028,1.4m,753.9m,,49200000.0,4200000.0,6500.0,1400000.0,753900000.0
107,108,gucci,86,49.1m,115.1k,9.0k,0.001,72.4k,1.0b,Italy,49100000.0,115100.0,9000.0,72400.0,1000000000.0
108,109,paulodybala,85,49.0m,1.8m,1.3k,0.021,1.0m,2.3b,,49000000.0,1800000.0,1300.0,1000000.0,2300000000.0
109,110,louisvuitton,82,48.9m,127.5k,6.6k,0.001,40.5k,837.1m,France,48900000.0,127500.0,6600.0,40500.0,837100000.0
110,111,dovecameron,85,48.6m,1.6m,207,0.021,1.0m,327.2m,United States,48600000.0,1600000.0,6600.0,1000000.0,327200000.0
111,112,jokowi,85,48.5m,445.7k,3.7k,0.004,199.8k,1.6b,,48500000.0,445700.0,3700.0,199800.0,1600000000.0
112,113,haileybieber,85,48.3m,2.0m,2.1k,0.036,1.7m,4.2b,,48300000.0,2000000.0,2100.0,1700000.0,4200000000.0
113,114,nusr_et,81,48.2m,696.6k,2.4k,0.005,219.3k,1.6b,United Arab Emirates,48200000.0,696600.0,2400.0,219300.0,1600000000.0
114,115,garethbale,86,48.1m,758.3k,989,0.007,328.8k,750.0m,,48100000.0,758300.0,2400.0,328800.0,750000000.0
115,116,harrystyles,57,47.6m,4.7m,618,0.064,2.9m,2.9b,United States,47600000.0,4700000.0,2400.0,2900000.0,2900000000.0
116,117,vanessahudgens,84,47.4m,629.1k,4.2k,0.006,291.4k,2.7b,United States,47400000.0,629100.0,4200.0,291400.0,2700000000.0
117,118,larissamanoela,85,47.3m,575.0k,5.3k,0.005,252.5k,3.0b,Brazil,47300000.0,575000.0,5300.0,252500.0,3000000000.0
118,119,zayn,82,47.3m,4.7m,165,0.085,3.9m,783.5m,United States,47300000.0,4700000.0,5300.0,3900000.0,783500000.0
119,120,travisscott,78,46.5m,3.0m,3.2k,0.057,2.6m,9.6b,United States,46500000.0,3000000.0,3200.0,2600000.0,9600000000.0
120,121,stephencurry30,84,46.4m,1.1m,1.1k,0.011,511.4k,1.2b,,46400000.0,1100000.0,1100.0,511400.0,1200000000.0
121,122,5-Minute Crafts GIRLY,85,46.2m,155.4k,10.0k,0.001,60.4k,1.6b,United States,46200000.0,155400.0,10000.0,60400.0,1600000000.0
122,123,thenotoriousmma,82,46.2m,1.1m,3.2k,0.006,287.4k,3.5b,United States,46200000.0,1100000.0,3200.0,287400.0,3500000000.0
123,124,daddyyankee,80,46.1m,650.0k,35,0.008,346.9k,22.8m,Puerto Rico,46100000.0,650000.0,3200.0,346900.0,22800000.0
124,125,natgeotravel,82,45.8m,189.9k,16.9k,0.001,52.8k,3.2b,United States,45800000.0,189900.0,16900.0,52800.0,3200000000.0
125,126,vancityreynolds,86,45.6m,1.2m,695,0.028,1.3m,861.0m,,45600000.0,1200000.0,16900.0,1300000.0,861000000.0
126,127,nikefootball,85,45.4m,411.6k,1.8k,0.003,137.4k,756.6m,United States,45400000.0,411600.0,1800.0,137400.0,756600000.0
127,128,maisa,42,45.1m,550.6k,1.5k,0.005,217.2k,829.8m,Brazil,45100000.0,550600.0,1500.0,217200.0,829800000.0
128,129,jannatzubair29,84,44.6m,1.3m,1.7k,0.016,693.7k,2.2b,,44600000.0,1300000.0,1700.0,693700.0,2200000000.0
129,130,luissuarez9,85,44.4m,801.8k,992,0.01,414.8k,795.4m,,44400000.0,801800.0,1700.0,414800.0,795400000.0
130,131,varundvn,84,44.4m,1.1m,1.9k,0.013,586.2k,2.0b,India,44400000.0,1100000.0,1900.0,586200.0,2000000000.0
131,132,j.m,83,44.2m,14.4m,28,0.228,10.0m,402.1m,,44200000.0,14400000.0,1900.0,10000000.0,402100000.0
132,133,hrithikroshan,85,44.2m,1.6m,617,0.018,780.5k,958.9m,CÃ´te d'Ivoire,44200000.0,1600000.0,1900.0,780500.0,958900000.0
133,134,gusttavolima,76,44.1m,475.1k,4.9k,0.007,303.9k,2.3b,Brazil,44100000.0,475100.0,4900.0,303900.0,2300000000.0
134,135,theweeknd,83,43.8m,1.1m,735,0.04,1.6m,839.0m,,43800000.0,1100000.0,4900.0,1600000.0,839000000.0
135,136,nickyjampr,81,43.5m,379.1k,10.0k,0.003,129.1k,3.8b,Colombia,43500000.0,379100.0,10000.0,129100.0,3800000000.0
136,137,buzzfeedtasty,85,43.5m,63.5k,9.3k,0.001,23.6k,590.9m,Spain,43500000.0,63500.0,9300.0,23600.0,590900000.0
137,138,brunamarquezine,84,43.4m,943.5k,3.0k,0.009,363.1k,2.9b,United States,43400000.0,943500.0,3000.0,363100.0,2900000000.0
138,139,badbunnypr,83,43.4m,3.7m,20,0.131,5.5m,75.0m,,43400000.0,3700000.0,3000.0,5500000.0,75000000.0
139,140,kapilsharma,83,43.1m,736.3k,1.0k,0.015,625.4k,745.9m,,43100000.0,736300.0,1000.0,625400.0,745900000.0
140,141,caradelevingne,86,42.9m,790.7k,3.7k,0.008,362.2k,3.0b,United States,42900000.0,790700.0,3700.0,362200.0,3000000000.0
141,142,norafatehi,83,42.5m,1.4m,1.7k,0.018,727.5k,2.4b,Anguilla,42500000.0,1400000.0,1700.0,727500.0,2400000000.0
142,143,britneyspears,80,42.1m,511.2k,3.1k,0.007,285.9k,1.6b,Turkey,42100000.0,511200.0,3100.0,285900.0,1600000000.0
143,144,mariliamendoncacantora,73,41.8m,1.0m,1.5k,0.02,817.9k,1.5b,Brazil,41800000.0,1000000.0,1500.0,817900.0,1500000000.0
144,145,dior,85,41.8m,86.6k,9.9k,0.001,54.1k,854.9m,,41800000.0,86600.0,9900.0,54100.0,854900000.0
145,146,cznburak,80,41.4m,837.9k,1.8k,0.011,411.1k,1.5b,,41400000.0,837900.0,1800.0,411100.0,1500000000.0
146,147,ranveersingh,85,41.4m,986.9k,1.8k,0.016,641.0k,1.8b,Switzerland,41400000.0,986900.0,1800.0,641000.0,1800000000.0
147,148,marinaruybarbosa,81,41.1m,582.5k,2.1k,0.002,69.4k,1.2b,Brazil,41100000.0,582500.0,2100.0,69400.0,1200000000.0
148,149,jenniferaniston,85,40.8m,4.3m,104,0.024,949.1k,446.5m,,40800000.0,4300000.0,2100.0,949100.0,446500000.0
149,150,ruben_onsu,75,40.7m,135.8k,10.0k,0.001,35.9k,1.4b,Indonesia,40700000.0,135800.0,10000.0,35900.0,1400000000.0
150,151,liverpoolfc,75,40.6m,339.7k,9.9k,0.005,204.4k,3.4b,United Kingdom,40600000.0,339700.0,9900.0,204400.0,3400000000.0
151,152,teddysphotos,80,40.6m,710.7k,2.3k,0.005,185.5k,1.7b,United States,40600000.0,710700.0,2300.0,185500.0,1700000000.0
152,153,princessyahrini,81,40.5m,118.6k,4.5k,0.004,181.0k,535.5m,Indonesia,40500000.0,118600.0,4500.0,181000.0,535500000.0
153,154,andresiniesta8,85,40.3m,250.8k,2.0k,0.004,161.7k,508.8m,Spain,40300000.0,250800.0,2000.0,161700.0,508800000.0
154,155,addisonraee,85,39.8m,3.1m,328,0.022,851.5k,1.0b,,39800000.0,3100000.0,2000.0,851500.0,1000000000.0
155,156,natashawilona12,84,39.7m,483.6k,1.2k,0.005,175.3k,568.2m,,39700000.0,483600.0,1200.0,175300.0,568200000.0
156,157,mahi7781,58,39.5m,4.1m,107,0.002,0,444.0m,,39500000.0,4100000.0,1200.0,175300.0,444000000.0
157,158,chrissyteigen,79,39.4m,623.1k,5.1k,0.004,162.1k,3.2b,United States,39400000.0,623100.0,5100.0,162100.0,3200000000.0
158,159,worldstar,78,39.2m,157.4k,11.6k,0.002,84.4k,1.8b,United States,39200000.0,157400.0,11600.0,84400.0,1800000000.0
159,160,georginagio,74,39.2m,2.2m,751,0.086,3.3m,1.7b,,39200000.0,2200000.0,11600.0,3300000.0,1700000000.0
160,161,wizkhalifa,80,39.1m,398.7k,514,0.003,115.7k,204.9m,United States,39100000.0,398700.0,11600.0,115700.0,204900000.0
161,162,prattprattpratt,84,39.0m,813.5k,742,0.01,363.8k,603.6m,,39000000.0,813500.0,11600.0,363800.0,603600000.0
162,163,anushkasen0408,85,38.9m,687.3k,5.4k,0.013,483.8k,3.7b,,38900000.0,687300.0,5400.0,483800.0,3700000000.0
163,164,hm,83,38.5m,86.4k,7.4k,0.0,17.5k,637.0m,Sweden,38500000.0,86400.0,7400.0,17500.0,637000000.0
164,165,marvelstudios,83,38.4m,594.2k,2.8k,0.016,555.9k,1.7b,,38400000.0,594200.0,2800.0,555900.0,1700000000.0
165,166,rkive,83,38.4m,10.6m,115,0.171,6.5m,1.2b,,38400000.0,10600000.0,2800.0,6500000.0,1200000000.0
166,167,parineetichopra,84,38.3m,504.8k,1.3k,0.011,431.8k,671.9m,,38300000.0,504800.0,1300.0,431800.0,671900000.0
167,168,wesleysafadao,80,37.8m,250.9k,8.9k,0.002,77.8k,2.2b,,37800000.0,250900.0,8900.0,77800.0,2200000000.0
168,169,laudyacynthiabella,76,37.3m,154.6k,397,0.001,46.4k,61.4m,Indonesia,37300000.0,154600.0,8900.0,46400.0,61400000.0
169,170,gisel_la,85,36.8m,149.1k,9.9k,0.001,33.4k,1.5b,,36800000.0,149100.0,9900.0,33400.0,1500000000.0
170,171,antogriezmann,83,36.7m,1.1m,890,0.005,193.6k,936.6m,France,36700000.0,1100000.0,9900.0,193600.0,936600000.0
171,172,eminem,84,36.6m,988.4k,691,0.011,382.5k,683.0m,United States,36600000.0,988400.0,9900.0,382500.0,683000000.0
172,173,mercedesbenz,77,36.2m,197.9k,10.0k,0.002,64.6k,2.0b,British Virgin Islands,36200000.0,197900.0,10000.0,64600.0,2000000000.0
173,174,sachintendulkar,76,36.1m,800.4k,1.0k,0.02,664.5k,829.2m,,36100000.0,800400.0,1000.0,664500.0,829200000.0
174,175,nattinatasha,47,36.1m,513.2k,59,0.006,201.6k,30.3m,Czech Republic,36100000.0,513200.0,1000.0,201600.0,30300000.0
175,176,kimberly.loaiza,78,36.0m,2.6m,549,0.043,1.5m,1.4b,Mexico,36000000.0,2600000.0,1000.0,1500000.0,1400000000.0
176,177,shahidkapoor,82,36.0m,1.3m,1.2k,0.025,780.0k,1.5b,,36000000.0,1300000.0,1200.0,780000.0,1500000000.0
177,178,tigerjackieshroff,83,36.0m,1.0m,2.1k,0.01,345.3k,2.2b,India,36000000.0,1000000.0,2100.0,345300.0,2200000000.0
178,179,blakelively,80,35.9m,3.1m,120,0.04,1.4m,366.1m,United States,35900000.0,3100000.0,2100.0,1400000.0,366100000.0
179,180,colesprouse,81,35.8m,2.2m,1.2k,0.023,834.5k,2.6b,,35800000.0,2200000.0,1200.0,834500.0,2600000000.0
180,181,simonemendes,72,35.7m,419.7k,4.4k,0.006,216.6k,1.9b,Brazil,35700000.0,419700.0,4400.0,216600.0,1900000000.0
181,182,toni.krs,83,35.6m,597.8k,946,0.012,432.5k,565.5m,,35600000.0,597800.0,4400.0,432500.0,565500000.0
182,183,lunamaya,83,35.4m,145.4k,4.1k,0.002,58.6k,594.0m,,35400000.0,145400.0,4100.0,58600.0,594000000.0
183,184,barackobama,81,35.4m,1.1m,682,0.012,411.5k,758.4m,United States,35400000.0,1100000.0,4100.0,411500.0,758400000.0
184,185,ivetesangalo,84,35.1m,226.4k,7.7k,0.004,121.1k,1.7b,Brazil,35100000.0,226400.0,7700.0,121100.0,1700000000.0
185,186,paollaoliveirareal,84,34.9m,352.0k,4.7k,0.004,132.9k,1.6b,,34900000.0,352000.0,4700.0,132900.0,1600000000.0
186,187,dannapaola,68,34.8m,1.5m,2.0k,0.035,1.2m,2.9b,Mexico,34800000.0,1500000.0,2000.0,1200000.0,2900000000.0
187,188,disney,77,34.7m,185.2k,7.5k,0.004,132.0k,1.4b,United States,34700000.0,185200.0,7500.0,132000.0,1400000000.0
188,189,shaymitchell,83,34.5m,715.4k,6.3k,0.006,198.7k,4.5b,United States,34500000.0,715400.0,6300.0,198700.0,4500000000.0
189,190,adidasoriginals,83,34.1m,136.2k,180,0.002,66.8k,24.5m,,34100000.0,136200.0,6300.0,66800.0,24500000.0
190,191,zidane,41,34.0m,1.0m,377,0.017,578.4k,387.7m,France,34000000.0,1000000.0,6300.0,578400.0,387700000.0
191,192,bmw,79,33.8m,229.0k,9.4k,0.002,83.2k,2.2b,Germany,33800000.0,229000.0,9400.0,83200.0,2200000000.0
192,193,iambeckyg,71,33.8m,623.5k,2.3k,0.012,413.3k,1.4b,United States,33800000.0,623500.0,2300.0,413300.0,1400000000.0
193,194,rashmika_mandanna,84,33.8m,2.3m,525,0.044,1.5m,1.2b,,33800000.0,2300000.0,2300.0,1500000.0,1200000000.0
194,195,sonamkapoor,75,33.7m,265.3k,4.8k,0.008,256.2k,1.3b,India,33700000.0,265300.0,4800.0,256200.0,1300000000.0
195,196,khabib_nurmagomedov,63,33.6m,680.6k,4.6k,0.009,305.7k,3.1b,Russia,33600000.0,680600.0,4600.0,305700.0,3100000000.0
196,197,danbilzerian,84,33.6m,2.2m,1.4k,0.064,2.1m,3.0b,Canada,33600000.0,2200000.0,1400.0,2100000.0,3000000000.0
197,198,raisa6690,80,33.6m,227.8k,4.2k,0.003,103.2k,955.9m,Indonesia,33600000.0,227800.0,4200.0,103200.0,955900000.0
198,199,luansantana,79,33.5m,193.3k,865,0.003,82.6k,167.2m,Brazil,33500000.0,193300.0,4200.0,82600.0,167200000.0
199,200,nancyajram,81,33.4m,382.5k,3.8k,0.004,128.2k,1.5b,France,33400000.0,382500.0,3800.0,128200.0,1500000000.0
